                  epoch,         train/box_loss,         train/seg_loss,         train/cls_loss,         train/dfl_loss,   metrics/precision(B),      metrics/recall(B),       metrics/mAP50(B),    metrics/mAP50-95(B),   metrics/precision(M),      metrics/recall(M),       metrics/mAP50(M),    metrics/mAP50-95(M),           val/box_loss,           val/seg_loss,           val/cls_loss,           val/dfl_loss,                 lr/pg0,                 lr/pg1,                 lr/pg2
                      1,                 1.4524,                 5.4722,                  2.972,                 1.8123,                0.01006,                      1,                0.12276,                0.04705,                0.01006,                      1,                0.16989,                0.04533,                 1.1165,                 3.3332,                 3.1747,                 1.7936,              3.334e-05,              3.334e-05,              3.334e-05
                      2,                 1.3174,                 4.6821,                 2.8741,                 1.7024,                0.00989,                      1,                0.12102,                 0.0572,                0.00874,                0.83333,                0.10969,                0.04177,                 1.1564,                 3.4763,                 3.2193,                 1.7587,             8.2937e-05,             8.2937e-05,             8.2937e-05
                      3,                 1.1574,                 3.8257,                 2.9081,                 1.5226,                0.00985,                      1,                0.15177,                0.07039,                0.00868,                0.83333,                0.14129,                0.05299,                 1.2145,                  3.698,                 3.2314,                 1.8474,             0.00013204,             0.00013204,             0.00013204
                      4,                 1.1483,                 3.6115,                 2.8219,                 1.6518,                0.00985,                      1,                0.28105,                 0.1285,                0.00985,                      1,                0.44604,                0.10161,                 1.2741,                 4.1461,                 3.2239,                 1.9104,             0.00018065,             0.00018065,             0.00018065
                      5,                 1.0219,                 3.1759,                  2.782,                 1.5191,                0.00978,                      1,                0.25823,                0.11908,                0.00978,                      1,                0.34889,                0.08155,                 1.1801,                 3.9851,                 3.2624,                 1.9981,             0.00022876,             0.00022876,             0.00022876
                      6,                 1.1842,                 3.0824,                 2.6936,                 1.5933,                0.00976,                      1,                0.25371,                0.11619,                0.00976,                      1,                0.31042,                0.07745,                 1.1852,                 3.9625,                 3.2715,                 2.0976,             0.00027638,             0.00027638,             0.00027638
                      7,                  1.214,                 3.1531,                  2.704,                 1.6025,                0.00974,                      1,                0.20253,                0.08317,                0.00847,                0.83333,                0.25897,                0.06194,                 1.2922,                  4.273,                 3.2403,                 2.1885,              0.0003235,              0.0003235,              0.0003235
                      8,                 1.0668,                  3.367,                 2.5832,                 1.5712,                0.00972,                      1,                  0.241,                 0.0822,                0.00972,                      1,                0.20652,                 0.0581,                 1.3174,                 4.2161,                 3.2046,                 2.2547,             0.00037012,             0.00037012,             0.00037012
                      9,                 1.1398,                 3.1614,                 2.5814,                 1.6749,                0.00972,                      1,                  0.241,                 0.0822,                0.00972,                      1,                0.20652,                 0.0581,                 1.3174,                 4.2161,                 3.2046,                 2.2547,             0.00041626,             0.00041626,             0.00041626
                     10,                 1.0982,                 2.6723,                 2.4684,                 1.5125,                0.00974,                      1,                0.19827,                0.07811,                0.00974,                      1,                0.19871,                0.05793,                 1.2952,                 4.2359,                 3.2309,                 2.2073,             0.00046189,             0.00046189,             0.00046189
                     11,                 1.1275,                 2.6229,                 2.3873,                 1.5448,                0.00974,                      1,                0.19827,                0.07811,                0.00974,                      1,                0.19871,                0.05793,                 1.2952,                 4.2359,                 3.2309,                 2.2073,             0.00050703,             0.00050703,             0.00050703
                     12,                 1.1118,                 2.8292,                 2.2239,                 1.6483,                0.00998,                      1,                0.16573,                0.07736,                0.00998,                      1,                0.35222,                0.06563,                 1.4611,                 4.9255,                 3.2811,                 2.2362,             0.00055168,             0.00055168,             0.00055168
                     13,                0.99784,                  1.955,                 2.0525,                 1.4994,                0.00998,                      1,                0.16573,                0.07736,                0.00998,                      1,                0.35222,                0.06563,                 1.4611,                 4.9255,                 3.2811,                 2.2362,             0.00059583,             0.00059583,             0.00059583
                     14,                 1.0438,                 2.3916,                 2.1262,                 1.5506,                0.01032,                      1,                0.42278,                0.17712,                0.00873,                0.83333,                0.46896,                0.14048,                 1.6258,                 6.2239,                  3.274,                 2.2934,             0.00063949,             0.00063949,             0.00063949
                     15,                 1.0026,                  2.028,                 2.0793,                 1.5178,                0.01032,                      1,                0.42278,                0.17712,                0.00873,                0.83333,                0.46896,                0.14048,                 1.6258,                 6.2239,                  3.274,                 2.2934,             0.00068265,             0.00068265,             0.00068265
                     16,                 1.1838,                 2.3816,                  2.291,                 1.6771,                0.01032,                      1,                0.42278,                0.17712,                0.00873,                0.83333,                0.46896,                0.14048,                 1.6258,                 6.2239,                  3.274,                 2.2934,             0.00072532,             0.00072532,             0.00072532
                     17,                 1.0104,                 1.9232,                 1.8415,                 1.4809,                0.00662,                0.66667,                0.27076,                0.14414,                 0.0023,                   0.25,                0.17975,                0.06908,                 1.7709,                 7.9312,                 3.3034,                 2.2274,             0.00076749,             0.00076749,             0.00076749
                     18,                0.98085,                 2.2315,                 1.9084,                 1.5031,                0.00662,                0.66667,                0.27076,                0.14414,                 0.0023,                   0.25,                0.17975,                0.06908,                 1.7709,                 7.9312,                 3.3034,                 2.2274,             0.00080916,             0.00080916,             0.00080916
                     19,                  1.043,                 1.9951,                  1.934,                 1.4948,                0.00662,                0.66667,                0.27076,                0.14414,                 0.0023,                   0.25,                0.17975,                0.06908,                 1.7709,                 7.9312,                 3.3034,                 2.2274,             0.00085034,             0.00085034,             0.00085034
                     20,                0.87155,                 1.9008,                  1.806,                 1.4156,                0.38568,                0.28561,                0.31579,                0.19941,                0.38568,                0.28561,                0.30617,                0.16397,                   1.71,                 4.5243,                  2.876,                 2.3328,             0.00089103,             0.00089103,             0.00089103
                     21,                  1.176,                 1.8093,                   1.93,                 1.6888,                0.38568,                0.28561,                0.31579,                0.19941,                0.38568,                0.28561,                0.30617,                0.16397,                   1.71,                 4.5243,                  2.876,                 2.3328,             0.00093122,             0.00093122,             0.00093122
                     22,                 1.1981,                 1.9721,                 1.9537,                  1.615,                0.38568,                0.28561,                0.31579,                0.19941,                0.38568,                0.28561,                0.30617,                0.16397,                   1.71,                 4.5243,                  2.876,                 2.3328,             0.00097091,             0.00097091,             0.00097091
                     23,                 1.1297,                 2.3064,                 1.8645,                 1.5898,                0.38568,                0.28561,                0.31579,                0.19941,                0.38568,                0.28561,                0.30617,                0.16397,                   1.71,                 4.5243,                  2.876,                 2.3328,              0.0010101,              0.0010101,              0.0010101
                     24,                  1.134,                 1.9561,                 1.8455,                 1.5594,                0.36275,                0.59538,                0.38163,                0.21523,                0.60251,                0.41296,                0.49136,                  0.187,                 1.6933,                 3.4615,                 2.9045,                 2.4091,              0.0010488,              0.0010488,              0.0010488
                     25,                  1.053,                 1.5115,                 1.8735,                 1.4699,                0.36275,                0.59538,                0.38163,                0.21523,                0.60251,                0.41296,                0.49136,                  0.187,                 1.6933,                 3.4615,                 2.9045,                 2.4091,               0.001087,               0.001087,               0.001087
                     26,                 1.1974,                 2.1662,                 2.0726,                  1.632,                0.36275,                0.59538,                0.38163,                0.21523,                0.60251,                0.41296,                0.49136,                  0.187,                 1.6933,                 3.4615,                 2.9045,                 2.4091,              0.0011247,              0.0011247,              0.0011247
                     27,                 1.2049,                 2.0194,                 2.1897,                 1.6448,                0.36275,                0.59538,                0.38163,                0.21523,                0.60251,                0.41296,                0.49136,                  0.187,                 1.6933,                 3.4615,                 2.9045,                 2.4091,               0.001162,               0.001162,               0.001162
                     28,                 1.1204,                  1.997,                 1.8719,                 1.5363,                0.36275,                0.59538,                0.38163,                0.21523,                0.60251,                0.41296,                0.49136,                  0.187,                 1.6933,                 3.4615,                 2.9045,                 2.4091,              0.0011987,              0.0011987,              0.0011987
                     29,                 1.0941,                 1.7112,                 1.9967,                 1.5856,                0.48056,                   0.75,                0.57584,                0.25739,                0.42838,                0.66667,                0.54771,                 0.2083,                 1.8634,                 5.0448,                 9.8606,                 2.5243,              0.0012349,              0.0012349,              0.0012349
                     30,                 1.0568,                 2.0813,                 1.7673,                 1.5488,                0.48056,                   0.75,                0.57584,                0.25739,                0.42838,                0.66667,                0.54771,                 0.2083,                 1.8634,                 5.0448,                 9.8606,                 2.5243,              0.0012707,              0.0012707,              0.0012707
                     31,                 1.0861,                 2.1354,                 1.9057,                 1.5388,                0.48056,                   0.75,                0.57584,                0.25739,                0.42838,                0.66667,                0.54771,                 0.2083,                 1.8634,                 5.0448,                 9.8606,                 2.5243,              0.0013059,              0.0013059,              0.0013059
                     32,                 1.2335,                 2.2552,                 2.1702,                 1.6575,                0.48056,                   0.75,                0.57584,                0.25739,                0.42838,                0.66667,                0.54771,                 0.2083,                 1.8634,                 5.0448,                 9.8606,                 2.5243,              0.0013406,              0.0013406,              0.0013406
                     33,                 1.4053,                 2.2053,                 1.9257,                 1.8042,                0.48056,                   0.75,                0.57584,                0.25739,                0.42838,                0.66667,                0.54771,                 0.2083,                 1.8634,                 5.0448,                 9.8606,                 2.5243,              0.0013749,              0.0013749,              0.0013749
                     34,                  1.138,                 2.4206,                 1.8063,                 1.6084,                0.51264,                0.58333,                 0.4883,                0.19736,                0.26732,                0.83333,                0.52828,                0.21778,                 1.8619,                 4.2326,                 13.756,                 2.6588,              0.0013947,              0.0013947,              0.0013947
                     35,                  1.217,                 2.7614,                 2.0895,                 1.7012,                0.51264,                0.58333,                 0.4883,                0.19736,                0.26732,                0.83333,                0.52828,                0.21778,                 1.8619,                 4.2326,                 13.756,                 2.6588,              0.0013947,              0.0013947,              0.0013947
                     36,                 1.2779,                 2.6035,                  2.146,                 1.7106,                0.51264,                0.58333,                 0.4883,                0.19736,                0.26732,                0.83333,                0.52828,                0.21778,                 1.8619,                 4.2326,                 13.756,                 2.6588,              0.0013864,              0.0013864,              0.0013864
                     37,                  1.191,                 1.8835,                 1.9204,                 1.6603,                0.51264,                0.58333,                 0.4883,                0.19736,                0.26732,                0.83333,                0.52828,                0.21778,                 1.8619,                 4.2326,                 13.756,                 2.6588,              0.0013782,              0.0013782,              0.0013782
                     38,                 1.1142,                 1.6895,                 1.7137,                 1.5982,                0.51264,                0.58333,                 0.4883,                0.19736,                0.26732,                0.83333,                0.52828,                0.21778,                 1.8619,                 4.2326,                 13.756,                 2.6588,              0.0013699,              0.0013699,              0.0013699
                     39,                 1.2564,                 2.1873,                 1.8779,                 1.7173,                0.51264,                0.58333,                 0.4883,                0.19736,                0.26732,                0.83333,                0.52828,                0.21778,                 1.8619,                 4.2326,                 13.756,                 2.6588,              0.0013617,              0.0013617,              0.0013617
                     40,                 1.3835,                 2.6431,                 2.1234,                 1.8299,                0.51198,                0.83333,                 0.5866,                0.26885,                0.10248,                0.83333,                0.20457,                0.06112,                 1.8428,                 4.8861,                 19.045,                 2.7064,              0.0013534,              0.0013534,              0.0013534
                     41,                 1.7568,                  2.484,                  2.352,                 2.1439,                0.51198,                0.83333,                 0.5866,                0.26885,                0.10248,                0.83333,                0.20457,                0.06112,                 1.8428,                 4.8861,                 19.045,                 2.7064,              0.0013452,              0.0013452,              0.0013452
                     42,                 1.6141,                 2.9802,                 2.1744,                 2.0385,                0.51198,                0.83333,                 0.5866,                0.26885,                0.10248,                0.83333,                0.20457,                0.06112,                 1.8428,                 4.8861,                 19.045,                 2.7064,              0.0013369,              0.0013369,              0.0013369
                     43,                 1.4071,                 2.2534,                 1.9883,                 1.7939,                0.51198,                0.83333,                 0.5866,                0.26885,                0.10248,                0.83333,                0.20457,                0.06112,                 1.8428,                 4.8861,                 19.045,                 2.7064,              0.0013287,              0.0013287,              0.0013287
                     44,                  1.374,                 1.9607,                 2.0551,                 1.7175,                0.51198,                0.83333,                 0.5866,                0.26885,                0.10248,                0.83333,                0.20457,                0.06112,                 1.8428,                 4.8861,                 19.045,                 2.7064,              0.0013204,              0.0013204,              0.0013204
                     45,                 1.5116,                 2.2849,                 2.2743,                 1.9338,                0.43828,                0.33333,                0.45584,                0.16793,                0.08156,                   0.75,                0.09274,                0.02854,                 1.8512,                 4.5003,                 8.4655,                 2.7857,              0.0013122,              0.0013122,              0.0013122
                     46,                 1.4443,                 2.7647,                 2.0839,                 1.8688,                0.43828,                0.33333,                0.45584,                0.16793,                0.08156,                   0.75,                0.09274,                0.02854,                 1.8512,                 4.5003,                 8.4655,                 2.7857,              0.0013039,              0.0013039,              0.0013039
                     47,                 1.2781,                 2.6884,                 2.0663,                 1.7589,                0.43828,                0.33333,                0.45584,                0.16793,                0.08156,                   0.75,                0.09274,                0.02854,                 1.8512,                 4.5003,                 8.4655,                 2.7857,              0.0012957,              0.0012957,              0.0012957
                     48,                 1.4518,                 2.3754,                  2.037,                 1.9404,                0.43828,                0.33333,                0.45584,                0.16793,                0.08156,                   0.75,                0.09274,                0.02854,                 1.8512,                 4.5003,                 8.4655,                 2.7857,              0.0012874,              0.0012874,              0.0012874
                     49,                 1.4919,                 2.8844,                 2.1132,                 1.9465,                0.43828,                0.33333,                0.45584,                0.16793,                0.08156,                   0.75,                0.09274,                0.02854,                 1.8512,                 4.5003,                 8.4655,                 2.7857,              0.0012792,              0.0012792,              0.0012792
                     50,                 1.5743,                 2.6091,                 2.1886,                 1.8066,                0.36199,                 0.6525,                0.36629,                0.10616,                  0.197,                    0.5,                0.17886,                0.05901,                 2.2053,                 4.0453,                 7.7699,                 2.9964,              0.0012709,              0.0012709,              0.0012709
                     51,                 1.4701,                 2.4531,                 2.1783,                 1.8754,                0.36199,                 0.6525,                0.36629,                0.10616,                  0.197,                    0.5,                0.17886,                0.05901,                 2.2053,                 4.0453,                 7.7699,                 2.9964,              0.0012627,              0.0012627,              0.0012627
                     52,                 1.3203,                 2.8096,                 1.9702,                 1.7383,                0.36199,                 0.6525,                0.36629,                0.10616,                  0.197,                    0.5,                0.17886,                0.05901,                 2.2053,                 4.0453,                 7.7699,                 2.9964,              0.0012544,              0.0012544,              0.0012544
                     53,                  1.363,                 2.1941,                 2.0419,                 1.8176,                0.36199,                 0.6525,                0.36629,                0.10616,                  0.197,                    0.5,                0.17886,                0.05901,                 2.2053,                 4.0453,                 7.7699,                 2.9964,              0.0012462,              0.0012462,              0.0012462
                     54,                 1.3434,                 2.5395,                 2.0051,                 1.7795,                0.36199,                 0.6525,                0.36629,                0.10616,                  0.197,                    0.5,                0.17886,                0.05901,                 2.2053,                 4.0453,                 7.7699,                 2.9964,              0.0012379,              0.0012379,              0.0012379
                     55,                 1.3873,                  2.103,                 2.0537,                 1.8694,                0.36199,                 0.6525,                0.36629,                0.10616,                  0.197,                    0.5,                0.17886,                0.05901,                 2.2053,                 4.0453,                 7.7699,                 2.9964,              0.0012297,              0.0012297,              0.0012297
                     56,                 1.4217,                 2.1952,                 1.9206,                 1.8915,                0.52612,                    0.5,                0.31731,                0.08155,                0.52612,                    0.5,                0.27693,                 0.0496,                 1.9734,                  6.273,                  8.871,                 2.9676,              0.0012214,              0.0012214,              0.0012214
                     57,                 1.7345,                 2.5037,                 2.2706,                  2.142,                0.52612,                    0.5,                0.31731,                0.08155,                0.52612,                    0.5,                0.27693,                 0.0496,                 1.9734,                  6.273,                  8.871,                 2.9676,              0.0012132,              0.0012132,              0.0012132
                     58,                 1.4181,                 2.6936,                  2.148,                 1.8457,                0.52612,                    0.5,                0.31731,                0.08155,                0.52612,                    0.5,                0.27693,                 0.0496,                 1.9734,                  6.273,                  8.871,                 2.9676,              0.0012049,              0.0012049,              0.0012049
                     59,                  1.437,                 2.7883,                 1.9925,                 1.7703,                0.52612,                    0.5,                0.31731,                0.08155,                0.52612,                    0.5,                0.27693,                 0.0496,                 1.9734,                  6.273,                  8.871,                 2.9676,              0.0011967,              0.0011967,              0.0011967
                     60,                 1.4544,                 2.5058,                 2.0344,                 1.7794,                0.52612,                    0.5,                0.31731,                0.08155,                0.52612,                    0.5,                0.27693,                 0.0496,                 1.9734,                  6.273,                  8.871,                 2.9676,              0.0011884,              0.0011884,              0.0011884
                     61,                 1.3309,                 2.5951,                 1.9375,                 1.6806,                0.52997,                0.41667,                0.36398,                0.08007,                0.46654,                    0.5,                0.23272,                0.04527,                 1.9036,                 5.7927,                 7.5539,                 2.7624,              0.0011802,              0.0011802,              0.0011802
                     62,                 1.3565,                 3.0339,                  2.068,                 1.7639,                0.52997,                0.41667,                0.36398,                0.08007,                0.46654,                    0.5,                0.23272,                0.04527,                 1.9036,                 5.7927,                 7.5539,                 2.7624,              0.0011719,              0.0011719,              0.0011719
                     63,                 1.3426,                 2.0944,                 1.9949,                 1.7676,                0.52997,                0.41667,                0.36398,                0.08007,                0.46654,                    0.5,                0.23272,                0.04527,                 1.9036,                 5.7927,                 7.5539,                 2.7624,              0.0011636,              0.0011636,              0.0011636
                     64,                 1.6089,                 2.1246,                 2.0742,                 1.9788,                0.52997,                0.41667,                0.36398,                0.08007,                0.46654,                    0.5,                0.23272,                0.04527,                 1.9036,                 5.7927,                 7.5539,                 2.7624,              0.0011554,              0.0011554,              0.0011554
                     65,                 1.6419,                 2.6176,                  2.141,                 1.9334,                0.52997,                0.41667,                0.36398,                0.08007,                0.46654,                    0.5,                0.23272,                0.04527,                 1.9036,                 5.7927,                 7.5539,                 2.7624,              0.0011471,              0.0011471,              0.0011471
                     66,                 1.3701,                 2.2558,                 2.0104,                 1.7365,                0.41575,                0.41667,                0.38987,                0.16539,                0.16202,                   0.25,                0.21232,                0.07427,                 2.0173,                 4.6792,                 7.4956,                 2.7005,              0.0011389,              0.0011389,              0.0011389
                     67,                 1.2772,                 1.9839,                 1.9199,                 1.7151,                0.41575,                0.41667,                0.38987,                0.16539,                0.16202,                   0.25,                0.21232,                0.07427,                 2.0173,                 4.6792,                 7.4956,                 2.7005,              0.0011306,              0.0011306,              0.0011306
                     68,                 1.1688,                 1.8305,                 1.8696,                 1.6841,                0.41575,                0.41667,                0.38987,                0.16539,                0.16202,                   0.25,                0.21232,                0.07427,                 2.0173,                 4.6792,                 7.4956,                 2.7005,              0.0011224,              0.0011224,              0.0011224
                     69,                 1.5165,                 2.0423,                 1.9293,                 1.8618,                0.41575,                0.41667,                0.38987,                0.16539,                0.16202,                   0.25,                0.21232,                0.07427,                 2.0173,                 4.6792,                 7.4956,                 2.7005,              0.0011141,              0.0011141,              0.0011141
                     70,                 1.3033,                 2.0783,                 1.8208,                 1.8379,                0.41575,                0.41667,                0.38987,                0.16539,                0.16202,                   0.25,                0.21232,                0.07427,                 2.0173,                 4.6792,                 7.4956,                 2.7005,              0.0011059,              0.0011059,              0.0011059
                     71,                 1.3579,                 2.0518,                 1.8137,                 1.6683,                0.41575,                0.41667,                0.38987,                0.16539,                0.16202,                   0.25,                0.21232,                0.07427,                 2.0173,                 4.6792,                 7.4956,                 2.7005,              0.0010976,              0.0010976,              0.0010976
                     72,                 1.2076,                  1.838,                 1.7474,                 1.6959,                0.31237,                    0.5,                0.20599,                0.09248,                0.32896,                0.41667,                0.22967,                0.06434,                 2.0672,                 4.0313,                 6.1167,                 2.8246,              0.0010894,              0.0010894,              0.0010894
                     73,                 1.4781,                 2.1142,                 1.9459,                 1.8966,                0.31237,                    0.5,                0.20599,                0.09248,                0.32896,                0.41667,                0.22967,                0.06434,                 2.0672,                 4.0313,                 6.1167,                 2.8246,              0.0010811,              0.0010811,              0.0010811
                     74,                 1.3207,                  2.283,                 1.9533,                 1.7955,                0.31237,                    0.5,                0.20599,                0.09248,                0.32896,                0.41667,                0.22967,                0.06434,                 2.0672,                 4.0313,                 6.1167,                 2.8246,              0.0010729,              0.0010729,              0.0010729
                     75,                 1.7693,                 2.8083,                 2.1359,                  2.056,                0.31237,                    0.5,                0.20599,                0.09248,                0.32896,                0.41667,                0.22967,                0.06434,                 2.0672,                 4.0313,                 6.1167,                 2.8246,              0.0010646,              0.0010646,              0.0010646
                     76,                 1.4395,                 2.2406,                 2.0568,                 1.8507,                0.31237,                    0.5,                0.20599,                0.09248,                0.32896,                0.41667,                0.22967,                0.06434,                 2.0672,                 4.0313,                 6.1167,                 2.8246,              0.0010564,              0.0010564,              0.0010564
                     77,                 1.5276,                 2.5831,                 2.1014,                 1.9325,                  0.257,                   0.25,                0.25622,                0.08198,                0.16822,                0.16667,                0.16894,                0.07601,                 2.0917,                 3.8302,                 4.0171,                 2.7623,              0.0010481,              0.0010481,              0.0010481
                     78,                 1.3981,                 2.1682,                 1.8514,                  1.745,                  0.257,                   0.25,                0.25622,                0.08198,                0.16822,                0.16667,                0.16894,                0.07601,                 2.0917,                 3.8302,                 4.0171,                 2.7623,              0.0010399,              0.0010399,              0.0010399
                     79,                 1.3915,                 2.3157,                 1.8326,                  1.836,                  0.257,                   0.25,                0.25622,                0.08198,                0.16822,                0.16667,                0.16894,                0.07601,                 2.0917,                 3.8302,                 4.0171,                 2.7623,              0.0010316,              0.0010316,              0.0010316
                     80,                 1.4567,                 2.1616,                 1.8016,                 1.8163,                  0.257,                   0.25,                0.25622,                0.08198,                0.16822,                0.16667,                0.16894,                0.07601,                 2.0917,                 3.8302,                 4.0171,                 2.7623,              0.0010234,              0.0010234,              0.0010234
                     81,                 1.5269,                 2.3731,                 1.9383,                  1.883,                  0.257,                   0.25,                0.25622,                0.08198,                0.16822,                0.16667,                0.16894,                0.07601,                 2.0917,                 3.8302,                 4.0171,                 2.7623,              0.0010151,              0.0010151,              0.0010151
                     82,                 1.5097,                 1.7899,                 2.0311,                 1.8948,                 0.2105,                0.33333,                 0.2519,                0.10115,                0.18009,                0.33333,                0.26013,                0.12432,                 2.2655,                 8.5713,                 3.1587,                 2.9449,              0.0010069,              0.0010069,              0.0010069
                     83,                 1.4263,                 2.1306,                 2.0118,                 1.7717,                 0.2105,                0.33333,                 0.2519,                0.10115,                0.18009,                0.33333,                0.26013,                0.12432,                 2.2655,                 8.5713,                 3.1587,                 2.9449,             0.00099862,             0.00099862,             0.00099862
                     84,                 1.3056,                  1.741,                 1.9485,                 1.6288,                 0.2105,                0.33333,                 0.2519,                0.10115,                0.18009,                0.33333,                0.26013,                0.12432,                 2.2655,                 8.5713,                 3.1587,                 2.9449,             0.00099036,             0.00099036,             0.00099036
                     85,                 1.4818,                  2.317,                 2.0446,                 1.9092,                 0.2105,                0.33333,                 0.2519,                0.10115,                0.18009,                0.33333,                0.26013,                0.12432,                 2.2655,                 8.5713,                 3.1587,                 2.9449,             0.00098211,             0.00098211,             0.00098211
                     86,                 1.3599,                 2.2608,                 1.8426,                 1.7687,                 0.2105,                0.33333,                 0.2519,                0.10115,                0.18009,                0.33333,                0.26013,                0.12432,                 2.2655,                 8.5713,                 3.1587,                 2.9449,             0.00097386,             0.00097386,             0.00097386
                     87,                 1.5357,                 1.7123,                 1.9766,                 1.8615,                 0.2105,                0.33333,                 0.2519,                0.10115,                0.18009,                0.33333,                0.26013,                0.12432,                 2.2655,                 8.5713,                 3.1587,                 2.9449,             0.00096561,             0.00096561,             0.00096561
                     88,                 1.3231,                 2.4188,                 1.8165,                 1.7593,                0.17137,                0.16667,                0.20069,                0.06097,                0.17137,                0.16667,                0.18134,                0.10958,                 2.5253,                 14.578,                 3.2164,                  3.114,             0.00095736,             0.00095736,             0.00095736
                     89,                 1.3803,                 2.0461,                 1.8358,                 1.7612,                0.17137,                0.16667,                0.20069,                0.06097,                0.17137,                0.16667,                0.18134,                0.10958,                 2.5253,                 14.578,                 3.2164,                  3.114,             0.00094911,             0.00094911,             0.00094911
                     90,                  1.455,                  2.194,                 1.9391,                 1.7435,                0.17137,                0.16667,                0.20069,                0.06097,                0.17137,                0.16667,                0.18134,                0.10958,                 2.5253,                 14.578,                 3.2164,                  3.114,             0.00094085,             0.00094085,             0.00094085
                     91,                 1.4783,                 2.4353,                 1.9407,                  1.964,                0.17137,                0.16667,                0.20069,                0.06097,                0.17137,                0.16667,                0.18134,                0.10958,                 2.5253,                 14.578,                 3.2164,                  3.114,              0.0009326,              0.0009326,              0.0009326
                     92,                 1.5421,                 2.8784,                 1.9551,                 1.9932,                0.17137,                0.16667,                0.20069,                0.06097,                0.17137,                0.16667,                0.18134,                0.10958,                 2.5253,                 14.578,                 3.2164,                  3.114,             0.00092435,             0.00092435,             0.00092435
                     93,                 1.5547,                 2.2809,                 1.8658,                  1.941,                0.46751,                   0.25,                0.34935,                 0.0783,                0.26075,                0.18458,                0.19108,                 0.1123,                 2.4233,                  14.18,                 3.1164,                 3.3126,              0.0009161,              0.0009161,              0.0009161
                     94,                 1.2557,                 1.8644,                 1.8121,                 1.7262,                0.46751,                   0.25,                0.34935,                 0.0783,                0.26075,                0.18458,                0.19108,                 0.1123,                 2.4233,                  14.18,                 3.1164,                 3.3126,             0.00090785,             0.00090785,             0.00090785
                     95,                 1.3297,                 2.4813,                 1.7479,                 1.7856,                0.46751,                   0.25,                0.34935,                 0.0783,                0.26075,                0.18458,                0.19108,                 0.1123,                 2.4233,                  14.18,                 3.1164,                 3.3126,              0.0008996,              0.0008996,              0.0008996
                     96,                 1.8451,                  2.104,                 2.3228,                 2.1942,                0.46751,                   0.25,                0.34935,                 0.0783,                0.26075,                0.18458,                0.19108,                 0.1123,                 2.4233,                  14.18,                 3.1164,                 3.3126,             0.00089134,             0.00089134,             0.00089134
                     97,                 1.4164,                 2.1166,                 1.9152,                  1.817,                0.46751,                   0.25,                0.34935,                 0.0783,                0.26075,                0.18458,                0.19108,                 0.1123,                 2.4233,                  14.18,                 3.1164,                 3.3126,             0.00088309,             0.00088309,             0.00088309
                     98,                 1.4163,                 2.2492,                 1.8679,                 1.7834,                0.31015,                    0.5,                 0.3155,                0.08914,                0.31015,                    0.5,                0.32727,                0.10237,                 2.4077,                 7.4204,                 3.0689,                 3.0255,             0.00087484,             0.00087484,             0.00087484
                     99,                 1.2229,                  2.563,                 1.8417,                 1.6837,                0.31015,                    0.5,                 0.3155,                0.08914,                0.31015,                    0.5,                0.32727,                0.10237,                 2.4077,                 7.4204,                 3.0689,                 3.0255,             0.00086659,             0.00086659,             0.00086659
                    100,                  1.374,                 2.2283,                 1.8342,                 1.8182,                0.31015,                    0.5,                 0.3155,                0.08914,                0.31015,                    0.5,                0.32727,                0.10237,                 2.4077,                 7.4204,                 3.0689,                 3.0255,             0.00085834,             0.00085834,             0.00085834
                    101,                 1.4538,                 2.1799,                 1.8723,                 1.9101,                0.31015,                    0.5,                 0.3155,                0.08914,                0.31015,                    0.5,                0.32727,                0.10237,                 2.4077,                 7.4204,                 3.0689,                 3.0255,             0.00085009,             0.00085009,             0.00085009
                    102,                 1.3605,                 2.5037,                 1.9089,                 1.8288,                0.31015,                    0.5,                 0.3155,                0.08914,                0.31015,                    0.5,                0.32727,                0.10237,                 2.4077,                 7.4204,                 3.0689,                 3.0255,             0.00084184,             0.00084184,             0.00084184
                    103,                 1.3982,                 2.3986,                 1.9258,                 1.8659,                0.31015,                    0.5,                 0.3155,                0.08914,                0.31015,                    0.5,                0.32727,                0.10237,                 2.4077,                 7.4204,                 3.0689,                 3.0255,             0.00083358,             0.00083358,             0.00083358
                    104,                 1.2496,                 1.8873,                 1.8725,                 1.6949,                0.18892,                0.58333,                0.23642,                0.06216,                0.21938,                   0.75,                0.31637,                0.08736,                  2.549,                 4.6501,                 3.0356,                 3.0908,             0.00082533,             0.00082533,             0.00082533
                    105,                  1.266,                 1.7652,                 1.7717,                 1.6391,                0.18892,                0.58333,                0.23642,                0.06216,                0.21938,                   0.75,                0.31637,                0.08736,                  2.549,                 4.6501,                 3.0356,                 3.0908,             0.00081708,             0.00081708,             0.00081708
                    106,                 1.1483,                  2.049,                 1.6876,                 1.5967,                0.18892,                0.58333,                0.23642,                0.06216,                0.21938,                   0.75,                0.31637,                0.08736,                  2.549,                 4.6501,                 3.0356,                 3.0908,             0.00080883,             0.00080883,             0.00080883
                    107,                 1.2506,                 2.1271,                 1.8907,                 1.6799,                0.18892,                0.58333,                0.23642,                0.06216,                0.21938,                   0.75,                0.31637,                0.08736,                  2.549,                 4.6501,                 3.0356,                 3.0908,             0.00080058,             0.00080058,             0.00080058
                    108,                 1.2791,                 2.7176,                 1.8271,                 1.6081,                0.18892,                0.58333,                0.23642,                0.06216,                0.21938,                   0.75,                0.31637,                0.08736,                  2.549,                 4.6501,                 3.0356,                 3.0908,             0.00079233,             0.00079233,             0.00079233
                    109,                 1.2583,                 1.9475,                 1.8242,                 1.7636,                0.24441,                0.16667,                0.22947,                0.07417,                0.23254,                   0.75,                0.32043,                0.10271,                 2.5334,                   3.55,                 3.1158,                 3.0226,             0.00078407,             0.00078407,             0.00078407
                    110,                 1.2706,                 1.8464,                 1.9059,                 1.8037,                0.24441,                0.16667,                0.22947,                0.07417,                0.23254,                   0.75,                0.32043,                0.10271,                 2.5334,                   3.55,                 3.1158,                 3.0226,             0.00077582,             0.00077582,             0.00077582
                    111,                 1.2346,                 2.4028,                 1.8483,                 1.6354,                0.24441,                0.16667,                0.22947,                0.07417,                0.23254,                   0.75,                0.32043,                0.10271,                 2.5334,                   3.55,                 3.1158,                 3.0226,             0.00076757,             0.00076757,             0.00076757
                    112,                 1.3065,                 2.0131,                 1.7953,                 1.7048,                0.24441,                0.16667,                0.22947,                0.07417,                0.23254,                   0.75,                0.32043,                0.10271,                 2.5334,                   3.55,                 3.1158,                 3.0226,             0.00075932,             0.00075932,             0.00075932
                    113,                 1.1344,                 1.6662,                 1.6636,                 1.5758,                0.24441,                0.16667,                0.22947,                0.07417,                0.23254,                   0.75,                0.32043,                0.10271,                 2.5334,                   3.55,                 3.1158,                 3.0226,             0.00075107,             0.00075107,             0.00075107
                    114,                 1.3936,                 2.5887,                  1.917,                 1.8141,                0.26591,                0.48988,                0.27874,                0.08885,                0.29488,                0.83333,                 0.4768,                0.13853,                 2.4599,                 3.5464,                 2.8911,                 2.9693,             0.00074282,             0.00074282,             0.00074282
                    115,                 1.1976,                 2.0371,                 1.6755,                  1.613,                0.26591,                0.48988,                0.27874,                0.08885,                0.29488,                0.83333,                 0.4768,                0.13853,                 2.4599,                 3.5464,                 2.8911,                 2.9693,             0.00073456,             0.00073456,             0.00073456
                    116,                  1.353,                 1.7497,                 1.9953,                 1.8421,                0.26591,                0.48988,                0.27874,                0.08885,                0.29488,                0.83333,                 0.4768,                0.13853,                 2.4599,                 3.5464,                 2.8911,                 2.9693,             0.00072631,             0.00072631,             0.00072631
                    117,                 1.2014,                 1.6408,                 1.5714,                 1.5995,                0.26591,                0.48988,                0.27874,                0.08885,                0.29488,                0.83333,                 0.4768,                0.13853,                 2.4599,                 3.5464,                 2.8911,                 2.9693,             0.00071806,             0.00071806,             0.00071806
                    118,                 1.3298,                 2.3912,                  1.845,                 1.6548,                0.26591,                0.48988,                0.27874,                0.08885,                0.29488,                0.83333,                 0.4768,                0.13853,                 2.4599,                 3.5464,                 2.8911,                 2.9693,             0.00070981,             0.00070981,             0.00070981
                    119,                 1.2077,                 2.0652,                 1.7742,                 1.7395,                0.26591,                0.48988,                0.27874,                0.08885,                0.29488,                0.83333,                 0.4768,                0.13853,                 2.4599,                 3.5464,                 2.8911,                 2.9693,             0.00070156,             0.00070156,             0.00070156
                    120,                 1.2367,                 2.0887,                 1.7042,                 1.6256,                0.36033,                0.66667,                0.36766,                0.12216,                0.33878,                0.66667,                0.44573,                0.17218,                 2.1898,                  3.846,                 2.8293,                 2.8383,             0.00069331,             0.00069331,             0.00069331
                    121,                 1.4149,                 2.2612,                 1.7485,                 1.7844,                0.36033,                0.66667,                0.36766,                0.12216,                0.33878,                0.66667,                0.44573,                0.17218,                 2.1898,                  3.846,                 2.8293,                 2.8383,             0.00068505,             0.00068505,             0.00068505
                    122,                 1.5502,                 2.3469,                 2.1326,                  2.048,                0.36033,                0.66667,                0.36766,                0.12216,                0.33878,                0.66667,                0.44573,                0.17218,                 2.1898,                  3.846,                 2.8293,                 2.8383,              0.0006768,              0.0006768,              0.0006768
                    123,                 1.3198,                 1.9249,                 1.9046,                 1.8247,                0.36033,                0.66667,                0.36766,                0.12216,                0.33878,                0.66667,                0.44573,                0.17218,                 2.1898,                  3.846,                 2.8293,                 2.8383,             0.00066855,             0.00066855,             0.00066855
                    124,                 1.7546,                 2.1736,                 2.9444,                 2.1684,                0.36033,                0.66667,                0.36766,                0.12216,                0.33878,                0.66667,                0.44573,                0.17218,                 2.1898,                  3.846,                 2.8293,                 2.8383,              0.0006603,              0.0006603,              0.0006603
                    125,                 1.3503,                 2.1786,                 1.8247,                 1.7926,                0.38893,                0.58333,                0.35251,                0.10459,                0.37675,                0.91667,                0.39937,                0.15588,                 2.0728,                  2.709,                 2.9499,                 2.7047,             0.00065205,             0.00065205,             0.00065205
                    126,                 1.5148,                 2.2216,                 1.8104,                 1.9315,                0.38893,                0.58333,                0.35251,                0.10459,                0.37675,                0.91667,                0.39937,                0.15588,                 2.0728,                  2.709,                 2.9499,                 2.7047,              0.0006438,              0.0006438,              0.0006438
                    127,                 1.1961,                 1.6669,                 1.7909,                 1.6576,                0.38893,                0.58333,                0.35251,                0.10459,                0.37675,                0.91667,                0.39937,                0.15588,                 2.0728,                  2.709,                 2.9499,                 2.7047,             0.00063554,             0.00063554,             0.00063554
                    128,                 1.2381,                 2.0388,                 1.7774,                 1.6204,                0.38893,                0.58333,                0.35251,                0.10459,                0.37675,                0.91667,                0.39937,                0.15588,                 2.0728,                  2.709,                 2.9499,                 2.7047,             0.00062729,             0.00062729,             0.00062729
                    129,                  1.268,                 2.5061,                 1.6868,                 1.7337,                0.38893,                0.58333,                0.35251,                0.10459,                0.37675,                0.91667,                0.39937,                0.15588,                 2.0728,                  2.709,                 2.9499,                 2.7047,             0.00061904,             0.00061904,             0.00061904
                    130,                 1.2325,                 2.2631,                 1.8346,                 1.7208,                0.54722,                0.73262,                0.68479,                 0.2668,                0.54722,                0.73262,                0.67841,                0.32979,                 2.0853,                 2.4777,                 2.6606,                 2.7853,             0.00061079,             0.00061079,             0.00061079
                    131,                 1.3032,                 1.6171,                 1.6737,                 1.7357,                0.54722,                0.73262,                0.68479,                 0.2668,                0.54722,                0.73262,                0.67841,                0.32979,                 2.0853,                 2.4777,                 2.6606,                 2.7853,             0.00060254,             0.00060254,             0.00060254
                    132,                 1.3633,                 1.9784,                 1.8026,                 1.8012,                0.54722,                0.73262,                0.68479,                 0.2668,                0.54722,                0.73262,                0.67841,                0.32979,                 2.0853,                 2.4777,                 2.6606,                 2.7853,             0.00059429,             0.00059429,             0.00059429
                    133,                 1.3671,                 1.9028,                 1.7514,                  1.782,                0.54722,                0.73262,                0.68479,                 0.2668,                0.54722,                0.73262,                0.67841,                0.32979,                 2.0853,                 2.4777,                 2.6606,                 2.7853,             0.00058603,             0.00058603,             0.00058603
                    134,                 1.2845,                 2.1051,                 1.7654,                 1.7711,                0.54722,                0.73262,                0.68479,                 0.2668,                0.54722,                0.73262,                0.67841,                0.32979,                 2.0853,                 2.4777,                 2.6606,                 2.7853,             0.00057778,             0.00057778,             0.00057778
                    135,                 1.1763,                 2.1824,                 1.7675,                 1.6433,                0.54722,                0.73262,                0.68479,                 0.2668,                0.54722,                0.73262,                0.67841,                0.32979,                 2.0853,                 2.4777,                 2.6606,                 2.7853,             0.00056953,             0.00056953,             0.00056953
                    136,                  1.321,                 1.7772,                 1.7917,                 1.6796,                0.31431,                0.66667,                0.39618,                0.18323,                0.63732,                0.58333,                0.66407,                 0.2638,                 2.1877,                 2.4792,                 2.9691,                 2.8112,             0.00056128,             0.00056128,             0.00056128
                    137,                 1.1945,                 2.1246,                 1.9764,                 1.6627,                0.31431,                0.66667,                0.39618,                0.18323,                0.63732,                0.58333,                0.66407,                 0.2638,                 2.1877,                 2.4792,                 2.9691,                 2.8112,             0.00055303,             0.00055303,             0.00055303
                    138,                  1.365,                 1.8428,                 1.8183,                 1.7777,                0.31431,                0.66667,                0.39618,                0.18323,                0.63732,                0.58333,                0.66407,                 0.2638,                 2.1877,                 2.4792,                 2.9691,                 2.8112,             0.00054478,             0.00054478,             0.00054478
                    139,                 1.3398,                  2.244,                 1.7427,                 1.6742,                0.31431,                0.66667,                0.39618,                0.18323,                0.63732,                0.58333,                0.66407,                 0.2638,                 2.1877,                 2.4792,                 2.9691,                 2.8112,             0.00053652,             0.00053652,             0.00053652
                    140,                   1.07,                 2.2748,                 1.6783,                 1.5373,                0.31431,                0.66667,                0.39618,                0.18323,                0.63732,                0.58333,                0.66407,                 0.2638,                 2.1877,                 2.4792,                 2.9691,                 2.8112,             0.00052827,             0.00052827,             0.00052827
                    141,                 1.2009,                 1.4508,                 1.7665,                 1.5626,                0.25721,                   0.75,                0.31511,                0.17149,                0.59484,                0.58333,                0.65003,                0.26335,                 2.0584,                 2.1263,                  2.739,                 2.8206,             0.00052002,             0.00052002,             0.00052002
                    142,                 1.2751,                 1.6286,                 1.7607,                 1.6689,                0.25721,                   0.75,                0.31511,                0.17149,                0.59484,                0.58333,                0.65003,                0.26335,                 2.0584,                 2.1263,                  2.739,                 2.8206,             0.00051177,             0.00051177,             0.00051177
                    143,                 1.3088,                 2.2103,                 1.7366,                   1.66,                0.25721,                   0.75,                0.31511,                0.17149,                0.59484,                0.58333,                0.65003,                0.26335,                 2.0584,                 2.1263,                  2.739,                 2.8206,             0.00050352,             0.00050352,             0.00050352
                    144,                 1.1759,                 1.8986,                  1.574,                 1.5665,                0.25721,                   0.75,                0.31511,                0.17149,                0.59484,                0.58333,                0.65003,                0.26335,                 2.0584,                 2.1263,                  2.739,                 2.8206,             0.00049527,             0.00049527,             0.00049527
                    145,                 1.2399,                  2.282,                 1.6971,                 1.6628,                0.25721,                   0.75,                0.31511,                0.17149,                0.59484,                0.58333,                0.65003,                0.26335,                 2.0584,                 2.1263,                  2.739,                 2.8206,             0.00048701,             0.00048701,             0.00048701
                    146,                 1.1843,                 1.9646,                 1.6226,                 1.5778,                0.22866,                0.58333,                0.42184,                0.20811,                0.58375,                 0.7638,                0.72884,                0.30947,                 1.9758,                  2.319,                 2.6972,                  2.915,             0.00047876,             0.00047876,             0.00047876
                    147,                 1.1578,                 2.2475,                 1.6845,                 1.6284,                0.22866,                0.58333,                0.42184,                0.20811,                0.58375,                 0.7638,                0.72884,                0.30947,                 1.9758,                  2.319,                 2.6972,                  2.915,             0.00047051,             0.00047051,             0.00047051
                    148,                 1.2643,                 1.7028,                 1.7588,                 1.6068,                0.22866,                0.58333,                0.42184,                0.20811,                0.58375,                 0.7638,                0.72884,                0.30947,                 1.9758,                  2.319,                 2.6972,                  2.915,             0.00046226,             0.00046226,             0.00046226
                    149,                 1.3568,                 1.6923,                 1.6959,                 1.8424,                0.22866,                0.58333,                0.42184,                0.20811,                0.58375,                 0.7638,                0.72884,                0.30947,                 1.9758,                  2.319,                 2.6972,                  2.915,             0.00045401,             0.00045401,             0.00045401
                    150,                 1.0447,                 1.7759,                 1.6256,                 1.5198,                0.22866,                0.58333,                0.42184,                0.20811,                0.58375,                 0.7638,                0.72884,                0.30947,                 1.9758,                  2.319,                 2.6972,                  2.915,             0.00044576,             0.00044576,             0.00044576
                    151,                 1.0174,                 1.7229,                 1.5094,                 1.5108,                0.22866,                0.58333,                0.42184,                0.20811,                0.58375,                 0.7638,                0.72884,                0.30947,                 1.9758,                  2.319,                 2.6972,                  2.915,              0.0004375,              0.0004375,              0.0004375
                    152,                  1.241,                 2.0452,                 1.5881,                 1.6527,                0.18445,                0.45905,                0.34703,                0.19518,                0.84801,                0.58333,                0.69943,                 0.2711,                 2.0643,                 2.8855,                  2.679,                  3.025,             0.00042925,             0.00042925,             0.00042925
                    153,                  1.159,                 2.1106,                 1.6837,                 1.6713,                0.18445,                0.45905,                0.34703,                0.19518,                0.84801,                0.58333,                0.69943,                 0.2711,                 2.0643,                 2.8855,                  2.679,                  3.025,               0.000421,               0.000421,               0.000421
                    154,                 1.1901,                 2.2617,                 1.6535,                 1.6315,                0.18445,                0.45905,                0.34703,                0.19518,                0.84801,                0.58333,                0.69943,                 0.2711,                 2.0643,                 2.8855,                  2.679,                  3.025,             0.00041275,             0.00041275,             0.00041275
                    155,                 1.2031,                 1.9509,                 1.7024,                 1.6189,                0.18445,                0.45905,                0.34703,                0.19518,                0.84801,                0.58333,                0.69943,                 0.2711,                 2.0643,                 2.8855,                  2.679,                  3.025,              0.0004045,              0.0004045,              0.0004045
                    156,                 1.1284,                 1.8347,                  1.571,                 1.5361,                0.18445,                0.45905,                0.34703,                0.19518,                0.84801,                0.58333,                0.69943,                 0.2711,                 2.0643,                 2.8855,                  2.679,                  3.025,             0.00039625,             0.00039625,             0.00039625
                    157,                 1.1171,                 1.6915,                 1.6799,                 1.6809,                0.87045,                0.65707,                0.73695,                0.30494,                0.87045,                0.65707,                0.76995,                0.32379,                 1.9045,                 3.4205,                 2.4939,                 2.8939,             0.00038799,             0.00038799,             0.00038799
                    158,                0.99797,                 1.4844,                 1.4865,                 1.4865,                0.87045,                0.65707,                0.73695,                0.30494,                0.87045,                0.65707,                0.76995,                0.32379,                 1.9045,                 3.4205,                 2.4939,                 2.8939,             0.00037974,             0.00037974,             0.00037974
                    159,                 1.0848,                 1.8669,                 1.5489,                 1.4739,                0.87045,                0.65707,                0.73695,                0.30494,                0.87045,                0.65707,                0.76995,                0.32379,                 1.9045,                 3.4205,                 2.4939,                 2.8939,             0.00037149,             0.00037149,             0.00037149
                    160,                 1.1017,                 2.0708,                 1.6078,                 1.5414,                0.87045,                0.65707,                0.73695,                0.30494,                0.87045,                0.65707,                0.76995,                0.32379,                 1.9045,                 3.4205,                 2.4939,                 2.8939,             0.00036324,             0.00036324,             0.00036324
                    161,                 1.0484,                  1.941,                   1.44,                 1.5694,                0.87045,                0.65707,                0.73695,                0.30494,                0.87045,                0.65707,                0.76995,                0.32379,                 1.9045,                 3.4205,                 2.4939,                 2.8939,             0.00035499,             0.00035499,             0.00035499
                    162,                 1.0802,                 2.0251,                 1.5548,                 1.5787,                0.59009,                    0.5,                 0.5376,                0.28841,                0.86294,                0.65201,                0.78635,                0.31957,                 1.8447,                 3.1988,                 2.4479,                 2.6239,             0.00034674,             0.00034674,             0.00034674
                    163,                 1.2293,                 2.2764,                 1.7592,                 1.7815,                0.59009,                    0.5,                 0.5376,                0.28841,                0.86294,                0.65201,                0.78635,                0.31957,                 1.8447,                 3.1988,                 2.4479,                 2.6239,             0.00033848,             0.00033848,             0.00033848
                    164,                  1.194,                 1.1027,                 1.5151,                 1.7445,                0.59009,                    0.5,                 0.5376,                0.28841,                0.86294,                0.65201,                0.78635,                0.31957,                 1.8447,                 3.1988,                 2.4479,                 2.6239,             0.00033023,             0.00033023,             0.00033023
                    165,                 1.1174,                 1.7807,                 1.6532,                 1.6098,                0.59009,                    0.5,                 0.5376,                0.28841,                0.86294,                0.65201,                0.78635,                0.31957,                 1.8447,                 3.1988,                 2.4479,                 2.6239,             0.00032198,             0.00032198,             0.00032198
                    166,                 1.0275,                 1.2301,                 1.5117,                 1.5395,                0.59009,                    0.5,                 0.5376,                0.28841,                0.86294,                0.65201,                0.78635,                0.31957,                 1.8447,                 3.1988,                 2.4479,                 2.6239,             0.00031373,             0.00031373,             0.00031373
                    167,                 1.2976,                 2.0035,                 1.8741,                 1.8713,                0.59009,                    0.5,                 0.5376,                0.28841,                0.86294,                0.65201,                0.78635,                0.31957,                 1.8447,                 3.1988,                 2.4479,                 2.6239,             0.00030548,             0.00030548,             0.00030548
                    168,                 1.0477,                 1.0951,                  1.472,                 1.5575,                0.28244,                   0.75,                0.49778,                0.27098,                0.83695,                 0.6255,                0.79052,                0.30464,                 1.8661,                 4.0339,                 2.3952,                 2.5978,             0.00029723,             0.00029723,             0.00029723
                    169,                 1.2969,                 1.2816,                 1.6676,                 1.7154,                0.28244,                   0.75,                0.49778,                0.27098,                0.83695,                 0.6255,                0.79052,                0.30464,                 1.8661,                 4.0339,                 2.3952,                 2.5978,             0.00028897,             0.00028897,             0.00028897
                    170,                 1.0089,                 1.4326,                 1.4201,                 1.5043,                0.28244,                   0.75,                0.49778,                0.27098,                0.83695,                 0.6255,                0.79052,                0.30464,                 1.8661,                 4.0339,                 2.3952,                 2.5978,             0.00028072,             0.00028072,             0.00028072
                    171,                 1.1792,                 1.7617,                 1.6436,                 1.5862,                0.28244,                   0.75,                0.49778,                0.27098,                0.83695,                 0.6255,                0.79052,                0.30464,                 1.8661,                 4.0339,                 2.3952,                 2.5978,             0.00027247,             0.00027247,             0.00027247
                    172,                0.97169,                 1.4474,                  1.384,                 1.4355,                0.28244,                   0.75,                0.49778,                0.27098,                0.83695,                 0.6255,                0.79052,                0.30464,                 1.8661,                 4.0339,                 2.3952,                 2.5978,             0.00026422,             0.00026422,             0.00026422
                    173,                 1.1458,                 1.9243,                  1.597,                 1.6103,                0.38277,                0.33333,                0.46111,                0.23218,                0.84905,                0.65923,                0.74605,                0.26151,                 1.7715,                 3.2458,                 2.2841,                 2.5391,             0.00025597,             0.00025597,             0.00025597
                    174,                 1.3178,                 1.6839,                 1.6535,                 1.6515,                0.38277,                0.33333,                0.46111,                0.23218,                0.84905,                0.65923,                0.74605,                0.26151,                 1.7715,                 3.2458,                 2.2841,                 2.5391,             0.00024772,             0.00024772,             0.00024772
                    175,                 1.0433,                 1.2981,                 1.5329,                 1.5654,                0.38277,                0.33333,                0.46111,                0.23218,                0.84905,                0.65923,                0.74605,                0.26151,                 1.7715,                 3.2458,                 2.2841,                 2.5391,             0.00023946,             0.00023946,             0.00023946
                    176,                 1.1464,                 2.0825,                 1.6721,                 1.6429,                0.38277,                0.33333,                0.46111,                0.23218,                0.84905,                0.65923,                0.74605,                0.26151,                 1.7715,                 3.2458,                 2.2841,                 2.5391,             0.00023121,             0.00023121,             0.00023121
                    177,                 1.0518,                 2.0196,                 1.4306,                 1.4896,                0.38277,                0.33333,                0.46111,                0.23218,                0.84905,                0.65923,                0.74605,                0.26151,                 1.7715,                 3.2458,                 2.2841,                 2.5391,             0.00022296,             0.00022296,             0.00022296
                    178,                 1.0002,                 2.0283,                 1.4927,                 1.4822,                0.26359,                   0.75,                0.43873,                0.25001,                0.85557,                0.65938,                0.77777,                0.26176,                 1.7834,                 3.0071,                 2.2532,                 2.5728,             0.00021471,             0.00021471,             0.00021471
                    179,                 1.1783,                 1.8643,                 1.6483,                 1.7062,                0.26359,                   0.75,                0.43873,                0.25001,                0.85557,                0.65938,                0.77777,                0.26176,                 1.7834,                 3.0071,                 2.2532,                 2.5728,             0.00020646,             0.00020646,             0.00020646
                    180,                 1.0868,                 1.6833,                 1.5249,                 1.6597,                0.26359,                   0.75,                0.43873,                0.25001,                0.85557,                0.65938,                0.77777,                0.26176,                 1.7834,                 3.0071,                 2.2532,                 2.5728,             0.00019821,             0.00019821,             0.00019821
                    181,                 1.0741,                  1.667,                 1.5461,                 1.5548,                0.26359,                   0.75,                0.43873,                0.25001,                0.85557,                0.65938,                0.77777,                0.26176,                 1.7834,                 3.0071,                 2.2532,                 2.5728,             0.00018995,             0.00018995,             0.00018995
                    182,                 1.0088,                 1.1648,                  1.401,                 1.5456,                0.26359,                   0.75,                0.43873,                0.25001,                0.85557,                0.65938,                0.77777,                0.26176,                 1.7834,                 3.0071,                 2.2532,                 2.5728,              0.0001817,              0.0001817,              0.0001817
                    183,                 1.1321,                 1.4571,                 1.4942,                 1.6729,                0.26359,                   0.75,                0.43873,                0.25001,                0.85557,                0.65938,                0.77777,                0.26176,                 1.7834,                 3.0071,                 2.2532,                 2.5728,             0.00017345,             0.00017345,             0.00017345
                    184,                  1.081,                 1.8538,                 1.5651,                 1.5801,                0.25883,                0.60933,                0.44366,                0.23638,                 0.8305,                0.62233,                0.75622,                 0.2755,                 1.7507,                 3.2451,                 2.2729,                 2.5204,              0.0001652,              0.0001652,              0.0001652
                    185,                 1.0519,                 1.3535,                 1.5053,                 1.5831,                0.25883,                0.60933,                0.44366,                0.23638,                 0.8305,                0.62233,                0.75622,                 0.2755,                 1.7507,                 3.2451,                 2.2729,                 2.5204,             0.00015695,             0.00015695,             0.00015695
                    186,                  1.035,                 1.6405,                    1.4,                 1.5028,                0.25883,                0.60933,                0.44366,                0.23638,                 0.8305,                0.62233,                0.75622,                 0.2755,                 1.7507,                 3.2451,                 2.2729,                 2.5204,              0.0001487,              0.0001487,              0.0001487
                    187,                 1.1223,                 1.7991,                 1.7082,                 1.7171,                0.25883,                0.60933,                0.44366,                0.23638,                 0.8305,                0.62233,                0.75622,                 0.2755,                 1.7507,                 3.2451,                 2.2729,                 2.5204,             0.00014044,             0.00014044,             0.00014044
                    188,                 1.2186,                 1.4572,                 1.6406,                 1.6582,                0.25883,                0.60933,                0.44366,                0.23638,                 0.8305,                0.62233,                0.75622,                 0.2755,                 1.7507,                 3.2451,                 2.2729,                 2.5204,             0.00013219,             0.00013219,             0.00013219
                    189,                 1.1953,                 1.9066,                 1.6321,                 1.6701,                 0.2715,                0.58333,                0.42656,                   0.23,                0.46385,                 0.6785,                0.65827,                0.25156,                 1.7911,                 3.7924,                 2.2664,                 2.5132,             0.00012394,             0.00012394,             0.00012394
                    190,                0.99812,                  1.163,                 1.4516,                 1.5522,                 0.2715,                0.58333,                0.42656,                   0.23,                0.46385,                 0.6785,                0.65827,                0.25156,                 1.7911,                 3.7924,                 2.2664,                 2.5132,             0.00011569,             0.00011569,             0.00011569
                    191,                 1.6936,                 2.0389,                 2.6984,                 2.4061,                 0.2715,                0.58333,                0.42656,                   0.23,                0.46385,                 0.6785,                0.65827,                0.25156,                 1.7911,                 3.7924,                 2.2664,                 2.5132,             0.00010744,             0.00010744,             0.00010744
                    192,                 1.3817,                 1.9027,                 2.2901,                 2.0732,                 0.2715,                0.58333,                0.42656,                   0.23,                0.46385,                 0.6785,                0.65827,                0.25156,                 1.7911,                 3.7924,                 2.2664,                 2.5132,             9.9187e-05,             9.9187e-05,             9.9187e-05
                    193,                 2.1754,                 1.8937,                 3.4293,                 2.8869,                 0.2715,                0.58333,                0.42656,                   0.23,                0.46385,                 0.6785,                0.65827,                0.25156,                 1.7911,                 3.7924,                 2.2664,                 2.5132,             9.0935e-05,             9.0935e-05,             9.0935e-05
                    194,                 1.8525,                 4.4931,                 3.7208,                 2.5958,                0.33062,                0.33333,                0.39739,                0.18111,                0.51998,                0.66667,                0.59099,                 0.2131,                 1.8777,                 3.4081,                 2.4413,                 2.5134,             8.2683e-05,             8.2683e-05,             8.2683e-05
                    195,                 1.6855,                 2.0327,                 2.4233,                 2.3138,                0.33062,                0.33333,                0.39739,                0.18111,                0.51998,                0.66667,                0.59099,                 0.2131,                 1.8777,                 3.4081,                 2.4413,                 2.5134,             7.4432e-05,             7.4432e-05,             7.4432e-05
                    196,                 1.3505,                 1.7634,                  2.445,                 1.9569,                0.33062,                0.33333,                0.39739,                0.18111,                0.51998,                0.66667,                0.59099,                 0.2131,                 1.8777,                 3.4081,                 2.4413,                 2.5134,              6.618e-05,              6.618e-05,              6.618e-05
                    197,                 1.1255,                 1.9105,                 2.2216,                 1.6725,                0.33062,                0.33333,                0.39739,                0.18111,                0.51998,                0.66667,                0.59099,                 0.2131,                 1.8777,                 3.4081,                 2.4413,                 2.5134,             5.7928e-05,             5.7928e-05,             5.7928e-05
                    198,                 1.1065,                 2.1083,                 2.3757,                 1.6233,                0.33062,                0.33333,                0.39739,                0.18111,                0.51998,                0.66667,                0.59099,                 0.2131,                 1.8777,                 3.4081,                 2.4413,                 2.5134,             4.9677e-05,             4.9677e-05,             4.9677e-05
                    199,                 1.1377,                  2.551,                  2.125,                 1.6829,                0.33062,                0.33333,                0.39739,                0.18111,                0.51998,                0.66667,                0.59099,                 0.2131,                 1.8777,                 3.4081,                 2.4413,                 2.5134,             4.1425e-05,             4.1425e-05,             4.1425e-05
                    200,                  1.298,                 1.8498,                 2.3407,                 1.9447,                0.37437,                0.45606,                0.34251,                0.17435,                 0.4592,                    0.5,                0.42343,                0.17955,                 1.8594,                 3.2022,                  2.677,                 2.5508,             3.3173e-05,             3.3173e-05,             3.3173e-05
